,,,,,,,,,,,,
,,,,MSE,,,,,,,,
Frame,d (pixels),,Sequence 1,1.6778923497,Sequence 2,1.1432491426,Sequence 3,1.1541783241,Sequence 4,84.8157606091,Sequence 5,41507.9239680025
1,110,,110,0,110,0,110,0,110,0,276,27556
2,109.9990909,,110,8.26462810002213E-007,110,8.26462810002213E-007,110,8.26462810002213E-007,110,8.26462810002213E-007,252,20164.2581852265
3,109.9972727,,110,7.43816529001992E-006,110,7.43816529001992E-006,110,7.43816529001992E-006,110,7.43816529001992E-006,252,20164.7745606382
4,109.9945453,,110,2.97537520900149E-005,110,2.97537520900149E-005,110,2.97537520900149E-005,110,2.97537520900149E-005,252,20165.5491645538
5,109.9909087,,110,8.26517356898975E-005,110,8.26517356898975E-005,110,8.26517356898975E-005,110,8.26517356898975E-005,36,5474.6545702517
6,109.9863628,,110,0.0001859732,110,0.0001859732,110,0.0001859732,110,0.0001859732,252,20167.8731507732
7,109.9809074,,110,0.0003645274,110,0.0003645274,110,0.0003645274,110,0.0003645274,252,20169.4226629274
8,109.9745425,,110,0.0006480843,110,0.0006480843,110,0.0006480843,110,0.0006480843,252,20171.2305780843
9,109.9672679,,110,0.0010713904,110,0.0010713904,110,0.0010713904,110,0.0010713904,276,27566.8681285904
10,109.9590833,,110,0.0016741763,110,0.0016741763,110,0.0016741763,110,0.0016741763,252,20175.6220169763
11,109.9499886,,110,0.0025011401,110,0.0025011401,110,0.0025011401,110,0.0025011401,70,1596.0015891401
12,109.9399836,,110,0.0036019683,110,0.0036019683,110,0.0036019683,110,0.0036019683,70,1595.2022899683
13,109.929068,,110,0.0050313486,110,0.0050313486,110,0.0050313486,110,0.0050313486,70,1594.3304713486
14,109.9172416,,110,0.0068489528,110,0.0068489528,110,0.0068489528,110,0.0068489528,70,1593.3861769528
15,109.904504,,110,0.009119486,110,0.009119486,110,0.009119486,110,0.009119486,36,5461.875711486
16,109.8908549,,110,0.0119126529,110,0.0119126529,110,0.0119126529,110,0.0119126529,126,259.5045558529
17,109.8762941,,110,0.0153031497,110,0.0153031497,110,0.0153031497,110,0.0153031497,126,259.9738919497
18,109.860821,,110,0.019370794,110,0.019370794,110,0.019370794,110,0.019370794,276,27602.226798794
19,109.8444355,,110,0.0242003137,110,0.0242003137,110,0.0242003137,110,0.0242003137,172,3863.3141983137
20,109.8271369,,110,0.0298816513,110,0.0298816513,110,0.0298816513,110,0.0298816513,36,5450.4461428514
21,109.808925,,110,0.0365096556,110,0.0365096556,110,0.0365096556,110,0.0365096556,172,3867.7298096556
22,109.7897992,,110,0.0441843763,110,0.0441843763,110,0.0441843763,110,0.0441843763,172,3870.1090835763
23,109.769759,,112,4.9739749181,110,0.0530109181,110,0.0530109181,110,0.0530109181,172,3872.6028949181
24,109.7488041,,110,0.0630993802,110,0.0630993802,110,0.0630993802,110,0.0630993802,180,4935.2305253802
25,109.7269338,,110,0.0745651496,110,0.0745651496,110,0.0745651496,110,0.0745651496,172,3877.9347739496
26,109.7041476,,110,0.0875286426,110,0.0875286426,110,0.0875286426,110,0.0875286426,172,3880.7732262426
27,109.6804449,,110,0.1021154619,110,0.1021154619,110,0.1021154619,110,0.1021154619,172,3883.7269478619
28,109.6558252,,110,0.118456293,110,0.118456293,110,0.118456293,110,0.118456293,36,5425.180585893
29,109.6302878,,110,0.1366871108,110,0.1366871108,110,0.1366871108,110,0.1366871108,74,1269.5174087108
30,109.603832,,110,0.1569490842,110,0.1569490842,110,0.1569490842,110,0.1569490842,36,5417.5240850842
31,109.5764573,,110,0.1793884187,110,0.1793884187,110,0.1793884187,110,0.1793884187,36,5413.4950688187
32,109.5481629,,110,0.2041567649,110,0.2041567649,110,0.2041567649,110,0.2041567649,36,5409.3322659649
33,109.5189481,,110,0.2314109305,110,0.2314109305,110,0.2314109305,110,0.2314109305,36,5405.0357297305
34,109.4888122,,110,0.2613129669,110,0.2613129669,110,0.2613129669,110,0.2613129669,36,5400.6055185669
35,109.4577544,,110,0.2940302907,110,0.2940302907,110,0.2940302907,110,0.2940302907,36,5396.0416814907
36,109.4257739,,110,0.3297356139,110,0.3297356139,110,0.3297356139,110,0.3297356139,36,5391.3442728139
37,109.39287,,110,0.3686068369,110,0.3686068369,110,0.3686068369,110,0.3686068369,36,5386.5133668369
38,109.3590417,,110,0.4108275423,110,0.4108275423,110,0.4108275423,108,1.8469943423,276,27769.2089831423
39,109.3242882,,110,0.4565864367,110,0.4565864367,110,0.4565864367,110,0.4565864367,36,5376.4512400367
40,109.2886087,,110,0.5060775817,110,0.5060775817,110,0.5060775817,110,0.5060775817,36,5371.2201651817
41,109.2520023,,110,0.5595005592,110,0.5595005592,110,0.5595005592,110,0.5595005592,36,5365.8558409592
42,109.2144679,,110,0.6170606801,110,0.6170606801,108,1.4749322801,110,0.6170606801,36,5360.3583098801
43,109.1760047,,110,0.6789682544,108,1.3829870544,108,1.3829870544,108,1.3829870544,36,5354.7276638544
44,109.1366116,,110,0.7454395293,108,1.2918859293,108,1.2918859293,108,1.2918859293,276,27843.3903883293
45,109.0962877,,110,0.8166959212,108,1.2018467212,108,1.2018467212,108,1.2018467212,36,5343.0672755212
46,109.055032,,110,0.892964521,108,1.113092521,108,1.113092521,108,1.113092521,36,5337.037700521
47,109.0128433,,108,1.0258515504,108,1.0258515504,108,1.0258515504,108,1.0258515504,276,27884.7105027504
48,108.9697206,,108,0.9403580421,108,0.9403580421,108,0.9403580421,108,0.9403580421,36,5324.5801244421
49,108.9256627,,108,0.8568514342,108,0.8568514342,108,0.8568514342,108,0.8568514342,122,170.9382958342
50,108.8806686,,108,0.775577183,108,0.775577183,108,0.775577183,108,0.775577183,36,5311.591855583
51,108.8347371,,108,0.6967860261,108,0.6967860261,108,0.6967860261,108,0.6967860261,126,294.6462504261
52,108.787867,,108,0.6207344097,108,0.6207344097,108,0.6207344097,108,0.6207344097,36,5298.0735824097
53,108.740057,,110,1.5874563632,108,0.5476843632,108,0.5476843632,108,0.5476843632,252,20523.4112683633
54,108.691306,,110,1.7126799856,108,0.4779039856,108,0.4779039856,110,1.7126799856,252,20537.3817759856
55,108.6416127,,108,0.4116668568,108,0.4116668568,108,0.4116668568,108,0.4116668568,426,100716.345989657
56,108.5909757,,104,21.077057878,108,0.349252278,108,0.349252278,108,0.349252278,180,5099.248751478
57,108.5393938,,108,0.2909456715,108,0.2909456715,108,0.2909456715,108,0.2909456715,180,5106.6182384715
58,108.4868656,,108,0.2370381125,108,0.2370381125,108,0.2370381125,110,2.2895757125,36,5254.3456845125
59,108.4333897,,108,0.1878266321,108,0.1878266321,108,0.1878266321,108,0.1878266321,36,5246.5959434321
60,108.3789647,,110,2.6277554438,108,0.1436142438,108,0.1436142438,108,0.1436142438,36,5238.7145310439
61,108.3235893,,110,2.8103528351,108,0.1047100351,108,0.1047100351,108,0.1047100351,36,5230.7015692351
62,108.2672619,,108,0.0714289232,108,0.0714289232,108,0.0714289232,108,0.0714289232,36,5222.5571425232
63,108.2099811,,108,0.0440920624,108,0.0440920624,108,0.0440920624,108,0.0440920624,36,5214.2813704624
64,108.1517452,,108,0.0230266057,108,0.0230266057,108,0.0230266057,108,0.0230266057,36,5205.8743354057
65,108.0925529,,108,0.0085660393,108,0.0085660393,108,0.0085660393,108,0.0085660393,36,5197.3361836393
66,108.0324025,,108,0.001049922,108,0.001049922,108,0.001049922,108,0.001049922,36,5188.667009922
67,107.9712925,,108,0.0008241206,108,0.0008241206,108,0.0008241206,108,0.0008241206,36,5179.8669441206
68,107.9092211,,108,0.0082408087,108,0.0082408087,108,0.0082408087,108,0.0082408087,36,5170.9360792087
69,107.8461868,,108,0.0236585005,108,0.0236585005,108,0.0236585005,112,17.2541641005,36,5161.8745577005
70,107.7821878,,108,0.0474421545,108,0.0474421545,108,0.0474421545,108,0.0474421545,126,331.8886813545
71,107.7172224,,108,0.0799631711,108,0.0799631711,108,0.0799631711,112,18.3421839711,252,20817.5199119711
72,107.6512889,,106,2.7267550313,108,0.1215994313,108,0.1215994313,108,0.1215994313,180,5234.3359978313
73,107.5843855,,108,0.1727354126,108,0.1727354126,108,0.1727354126,108,0.1727354126,36,5124.3242474126
74,107.5165104,,108,0.2337621933,108,0.2337621933,108,0.2337621933,108,0.2337621933,232,15496.1391829933
75,107.4476617,,108,0.3050775976,108,0.3050775976,108,0.3050775976,108,0.3050775976,232,15513.2849759976
76,107.3778376,,108,0.387086052,108,0.387086052,108,0.387086052,108,0.387086052,36,5094.795700452
77,107.3070361,,108,0.4801989667,108,0.4801989667,108,0.4801989667,108,0.4801989667,126,349.4268993667
78,107.2352554,,108,0.5848343032,108,0.5848343032,106,1.5258559032,108,0.5848343032,252,20956.8312791032
79,107.1624934,,108,0.701417305,106,1.351390905,106,1.351390905,108,0.701417305,36,5064.1004669051
80,107.0887482,,106,1.185372643,106,1.185372643,106,1.185372643,108,0.830379843,36,5053.610120643
81,107.0140178,,106,1.0282320987,106,1.0282320987,106,1.0282320987,108,0.9721608987,36,5042.9907240987
82,106.9383,,108,1.12720689,106,0.88040689,106,0.88040689,106,0.88040689,36,5032.24240689
83,106.8615927,,106,0.7423419807,106,0.7423419807,106,0.7423419807,106,0.7423419807,180,5349.2266223807
84,106.7838939,,106,0.6144896465,106,0.6144896465,106,0.6144896465,106,0.6144896465,180,5360.5981924465
85,106.7052014,,106,0.4973090146,106,0.4973090146,106,0.4973090146,106,0.4973090146,36,4999.2255050146
86,106.6255129,,106,0.3912663881,106,0.3912663881,106,0.3912663881,106,0.3912663881,36,4987.9630723881
87,106.5448262,,106,0.2968355882,106,0.2968355882,106,0.2968355882,106,0.2968355882,36,4976.5725035882
88,106.4631392,,106,0.2144979186,106,0.2144979186,106,0.2144979186,106,0.2144979186,36,4965.0539859186
89,106.3804493,,106,0.1447416699,106,0.1447416699,106,0.1447416699,106,0.1447416699,36,4953.4076436699
90,106.2967544,,104,5.2750807739,106,0.0880631739,106,0.0880631739,106,0.0880631739,36,4941.6336791739
91,106.212052,,106,0.0449660507,106,0.0449660507,106,0.0449660507,106,0.0449660507,180,5444.6612700507
92,106.1263398,,106,0.0159617451,106,0.0159617451,106,0.0159617451,106,0.0159617451,180,5457.3176713451
93,106.0396152,,106,0.0015693641,106,0.0015693641,106,0.0015693641,106,0.0015693641,180,5470.1385197641
94,105.9518759,,102,15.617323129,106,0.002315929,106,0.002315929,106,0.002315929,126,401.927279929
95,105.8631192,,106,0.0187363534,106,0.0187363534,106,0.0187363534,106,0.0187363534,180,5496.2770947534
96,105.7733426,,108,4.958003177,106,0.051373577,106,0.051373577,110,17.864632777,180,5509.596668777
97,105.6825435,,106,0.1007786294,106,0.1007786294,106,0.1007786294,106,0.1007786294,180,5523.0843406294
98,105.5907193,,106,0.1675106914,106,0.1675106914,106,0.1675106914,102,12.8932650914,180,5536.7410542914
99,105.4978673,,106,0.2521372484,106,0.2521372484,106,0.2521372484,106,0.2521372484,70,1260.0985828484
100,105.4039847,,106,0.3552342378,106,0.3552342378,106,0.3552342378,106,0.3552342378,252,21490.3917018378
101,105.3090689,,106,0.4773857849,106,0.4773857849,106,0.4773857849,106,0.4773857849,252,21518.2292669849
102,105.2131171,,106,0.6191846983,106,0.6191846983,106,0.6191846983,112,46.0617794983,36,4790.4555786983
103,105.1161263,,104,1.2457379176,106,0.7812327176,104,1.2457379176,106,0.7812327176,292,34925.5822491175
104,105.0180937,,104,1.036514782,104,1.036514782,104,1.036514782,106,0.964139982,36,4763.497257982
105,104.9190164,,104,0.8445911435,104,0.8445911435,104,0.8445911435,106,1.1685255435,36,4749.8308215435
106,104.8188914,,104,0.670583125,104,0.670583125,104,0.670583125,104,0.670583125,36,4736.039813525
107,104.7177158,,104,0.5151159696,104,0.5151159696,104,0.5151159696,104,0.5151159696,276,29337.6208807696
108,104.6154864,,104,0.3788235086,104,0.3788235086,104,0.3788235086,104,0.3788235086,36,4708.0849739086
109,104.5122002,,104,0.2623490449,104,0.2623490449,104,0.2623490449,104,0.2623490449,36,4693.9215762449
110,104.4078541,,104,0.1663449669,104,0.1663449669,104,0.1663449669,106,2.5349285669,426,103421.508304567
111,104.3024448,,102,5.301252057,104,0.091472857,104,0.091472857,104,0.091472857,426,103489.317021657
112,104.1959692,,104,0.0384039273,104,0.0384039273,104,0.0384039273,104,0.0384039273,426,103557.834239127
113,104.0884239,,104,0.0078187861,104,0.0078187861,104,0.0078187861,104,0.0078187861,276,29553.5899971861
114,103.9798057,,104,0.0004078098,104,0.0004078098,104,0.0004078098,104,0.0004078098,36,4621.2539830098
115,103.8701112,,104,0.0168711004,104,0.0168711004,104,0.0168711004,104,0.0168711004,36,4606.3519943004
116,103.7593369,,104,0.0579187277,104,0.0579187277,104,0.0579187277,104,0.0579187277,74,885.6181327277
117,103.6474795,,104,0.1242707029,104,0.1242707029,104,0.1242707029,104,0.1242707029,276,29705.3913227029
118,103.5345353,,102,2.3547985869,104,0.2166573869,104,0.2166573869,104,0.2166573869,74,872.2887753869
119,103.4205009,,104,0.3358192069,104,0.3358192069,104,0.3358192069,104,0.3358192069,252,22075.8675528069
120,103.3053726,,104,0.4825072248,104,0.4825072248,104,0.4825072248,104,0.4825072248,276,29823.4343328248
121,103.1891467,,104,0.6574830741,104,0.6574830741,104,0.6574830741,104,0.6574830741,276,29863.5910182741
122,103.0718196,,102,1.1487972549,104,0.8615188549,104,0.8615188549,104,0.8615188549,70,1093.745251655
123,102.9533875,,102,0.9089477252,102,0.9089477252,102,0.9089477252,104,1.0953977252,180,5936.1804977252
124,102.8338466,,102,0.6953001523,102,0.6953001523,102,0.6953001523,104,1.3599137523,180,5954.6152305523
125,102.7131929,,102,0.5086441126,102,0.5086441126,102,0.5086441126,104,1.6558725126,232,16715.0784901126
126,102.5914226,,102,0.3497806918,102,0.3497806918,102,0.3497806918,104,1.9840902918,426,104593.107935892
127,102.4685318,,102,0.2195220476,102,0.2195220476,102,0.2195220476,104,2.3453948476,36,4418.0657196476
128,102.3445162,,102,0.1186914121,102,0.1186914121,102,0.1186914121,102,0.1186914121,276,30156.2270538121
129,102.2193719,,102,0.0481240305,102,0.0481240305,102,0.0481240305,102,0.0481240305,180,6049.8261076305
130,102.0930948,,102,0.0086666418,102,0.0086666418,102,0.0086666418,102,0.0086666418,180,6069.4858778418
131,101.9656805,,104,4.1384558281,102,0.0011778281,102,0.0011778281,102,0.0011778281,36,4351.4710038281
132,101.8371249,,102,0.0265282982,102,0.0265282982,102,0.0265282982,102,0.0265282982,70,1013.6025218982
133,101.7074235,,102,0.0856010084,102,0.0856010084,102,0.0856010084,102,0.0856010084,70,1005.3607050084
134,101.5765721,,102,0.1792911865,102,0.1792911865,102,0.1792911865,102,0.1792911865,252,22627.2076611865
135,101.4445661,,98,11.8650356173,102,0.3085068173,102,0.3085068173,102,0.3085068173,150,2357.6301612173
136,101.3114011,,102,0.4741684451,102,0.4741684451,102,0.4741684451,102,0.4741684451,36,4265.5791136451
137,101.1770725,,100,1.3854996703,100,1.3854996703,100,1.3854996703,102,0.6772096703,252,22747.5554596703
138,101.0415756,,100,1.0848797305,100,1.0848797305,100,1.0848797305,102,0.9185773305,126,622.9229485305
139,100.9049057,,100,0.8188543259,100,0.8188543259,100,0.8188543259,102,1.1992315259,36,4212.6467839259
140,100.7670581,,100,0.5883781288,100,0.5883781288,100,0.5883781288,102,1.5201457288,180,6277.8590821288
141,100.6280279,,100,0.3944190432,100,0.3944190432,100,0.3944190432,102,1.8823074432,252,22913.4739374432
142,100.4878102,,100,0.2379587912,100,0.2379587912,100,0.2379587912,104,12.3354771912,36,4158.6776643912
143,100.3464,,100,0.11999296,100,0.11999296,100,0.11999296,100,0.11999296,212,12466.52639296
144,100.2037923,,100,0.0415313015,100,0.0415313015,100,0.0415313015,100,0.0415313015,36,4122.1269457015
145,100.059982,,100,0.0035978403,100,0.0035978403,100,0.0035978403,100,0.0035978403,36,4103.6812938403
146,99.91496384,,102,4.3473757885,100,0.0072311485,100,0.0072311485,100,0.0072311485,144,1943.4904132285
147,99.76873258,,100,0.0534846196,100,0.0534846196,100,0.0534846196,100,0.0534846196,252,23174.3587802996
148,99.62128287,,100,0.1434266646,100,0.1434266646,100,0.1434266646,98,2.6285581446,180,6460.7381674646
149,99.4726093,,100,0.2781409504,100,0.2781409504,100,0.2781409504,108,72.7163921504,180,6484.6606529505
150,99.32270637,,100,0.4587266612,100,0.4587266612,100,0.4587266612,100,0.4587266612,232,17603.2642449812
151,99.17156851,,100,0.6862987336,98,1.3725727736,98,1.3725727736,108,77.9412025736,180,6533.2353371336
152,99.01919006,,98,1.0387483784,98,1.0387483784,98,1.0387483784,100,0.9619881384,308,43672.9789231784
153,98.86556529,,98,0.7492032713,98,0.7492032713,98,0.7492032713,98,0.7492032713,36,3952.0792992313
154,98.71068838,,98,0.5050779735,98,0.5050779735,98,0.5050779735,106,53.1340638935,36,3932.6304370935
155,98.55455342,,98,0.3075294956,98,0.3075294956,98,0.3075294956,98,0.3075294956,36,3913.0721535756
156,98.39715443,,98,0.1577316413,98,0.1577316413,98,0.1577316413,100,2.5691139213,36,3893.4048809613
157,98.23848533,,98,0.0568752526,98,0.0568752526,98,0.0568752526,106,60.2411099726,36,3873.6290561726
158,98.07853996,,100,3.6920086853,98,0.0061685253,98,0.0061685253,106,62.7495291653,252,23691.8158608453
159,97.91731205,,98,0.0068372971,98,0.0068372971,98,0.0068372971,106,65.3298444971,254,24361.8054776971
160,97.75479528,,98,0.0601253547,98,0.0601253547,98,0.0601253547,106,67.9834008747,254,24412.5639979947
161,97.59098319,,98,0.1672947509,98,0.1672947509,98,0.1672947509,98,0.1672947509,122,595.8001016309
162,97.42586925,,98,0.3296261181,98,0.3296261181,98,0.3296261181,98,0.3296261181,254,24515.4584201181
163,97.25944684,,98,0.5484189828,98,0.5484189828,98,0.5484189828,98,0.5484189828,254,24567.6010049028
164,97.09170922,,96,1.191829021,96,1.191829021,96,1.191829021,98,0.824992141,212,13203.915289981
165,96.92264957,,96,0.851282229,96,0.851282229,96,0.851282229,98,1.160683949,36,3711.569230629
166,96.75226096,,96,0.5658965519,96,0.5658965519,96,0.5658965519,106,85.5206773519,174,5967.2131867919
167,96.58053634,,96,0.3370224421,96,0.3370224421,96,0.3370224421,104,55.0484410021,136,1553.8941152421
168,96.40746859,,96,0.1660306518,96,0.1660306518,96,0.1660306518,104,57.6465332118,114,309.4971614118
169,96.23305046,,96,0.0543125169,96,0.0543125169,96,0.0543125169,106,95.3933033169,276,32316.1561469169
170,96.05727458,,96,0.0032803775,96,0.0032803775,96,0.0032803775,104,63.0868870975,276,32379.3844315775
171,95.8801335,,96,0.0143679778,96,0.0143679778,96,0.0143679778,100,16.9732999778,136,1609.6036879778
172,95.70161963,,96,0.0890308452,96,0.0890308452,96,0.0890308452,94,2.8955093652,276,32507.5059640452
173,95.52172528,,96,0.2287467078,96,0.2287467078,96,0.2287467078,98,6.1418455878,180,7136.5788996678
174,95.34044263,,96,0.4350159243,96,0.4350159243,96,0.4350159243,98,7.0732454043,254,25172.8551448443
175,95.15776374,,94,1.3404168777,96,0.7093619177,96,0.7093619177,96,0.7093619177,308,45301.8175361577
176,94.97368056,,94,0.9480538329,94,0.9480538329,94,0.9480538329,104,81.4744426329,76,360.0005539929
177,94.78818492,,94,0.6212354681,94,0.6212354681,94,0.6212354681,102,52.0102767481,206,12368.0678133881
178,94.60126849,,94,0.3615237971,94,0.3615237971,94,0.3615237971,102,54.7412279571,180,7292.9433435171
179,94.41292284,,94,0.1705052718,94,0.1705052718,94,0.1705052718,96,2.5188139118,252,24833.6868878318
180,94.22313941,,94,0.0497911963,94,0.0497911963,94,0.0497911963,96,3.1572335563,252,24893.5377376363
181,94.03190948,,94,0.0010182149,94,0.0010182149,94,0.0010182149,96,3.8733802949,36,3367.7025178949
182,93.83922421,,94,0.0258488547,94,0.0258488547,94,0.0258488547,96,4.6689520147,146,2720.7465310147
183,93.64507462,,94,0.1259720254,94,0.1259720254,94,0.1259720254,102,69.8047781054,252,25076.2823921054
184,93.44945158,,94,0.3031035628,94,0.3031035628,94,0.3031035628,104,111.3140719628,252,25138.2764042828
185,93.25234581,,92,1.5683700278,94,0.5589867878,94,0.5589867878,102,76.5214538278,194,10150.0898247878
186,93.05374791,,92,1.1103846578,92,1.1103846578,92,1.1103846578,106,167.6054431778,194,10190.1458110178
187,92.85364829,,90,8.143308563,92,0.728715403,92,0.728715403,94,1.314122243,308,46287.952654123
188,92.65203721,,92,0.4251525232,92,0.4251525232,92,0.4251525232,108,235.5599618032,226,17781.6791802432
189,92.44890481,,94,2.4058962884,92,0.2015155284,92,0.2015155284,94,2.4058962884,180,7665.1942689684
190,92.24424101,,92,0.059653671,92,0.059653671,92,0.059653671,106,189.220905391,252,25521.902530471
191,92.03803562,,92,0.0014467084,92,0.0014467084,92,0.0014467084,100,63.3928767884,180,7737.3071775884
192,91.83027823,,94,4.7076925592,92,0.0288054792,92,0.0288054792,92,0.0288054792,174,6751.8631757592
193,91.6209583,,92,0.1436726103,92,0.1436726103,92,0.1436726103,92,0.1436726103,212,14491.1136806103
194,91.41006509,,92,0.348023198,92,0.348023198,92,0.348023198,92,0.348023198,114,510.305159238
195,91.19758769,,92,0.6438655152,90,1.4342162752,90,1.4342162752,94,7.8535147552,114,519.9500071552
196,90.98351499,,90,0.9673017356,90,0.9673017356,90,0.9673017356,92,1.0332417756,252,25926.3084449756
197,90.76783571,,94,10.4468859976,90,0.5895716776,90,0.5895716776,92,1.5182288376,276,34310.9546875576
198,90.55053837,,90,0.3030924968,90,0.3030924968,90,0.3030924968,92,2.1009390168,426,112526.341307857
199,90.3316113,,90,0.1099660543,90,0.1099660543,90,0.1099660543,100,93.4777400543,134,1906.9281716543
200,90.11104261,,90,0.0123304612,90,0.0123304612,90,0.0123304612,90,0.0123304612,218,16355.5854223012
201,89.88882022,,88,3.5676418235,90,0.0123609435,90,0.0123609435,90,0.0123609435,254,26932.4793287835
202,89.66493183,,90,0.1122706785,90,0.1122706785,90,0.1122706785,90,0.1122706785,194,10885.8064500385
203,89.43936494,,90,0.3143116705,90,0.3143116705,90,0.3143116705,90,0.3143116705,252,26425.9600711105
204,89.2121068,,90,0.6207756946,90,0.6207756946,90,0.6207756946,90,0.6207756946,226,18710.9277260946
205,88.98314447,,88,0.9665730489,90,1.0339951689,88,0.9665730489,90,1.0339951689,92,9.1014172889
206,88.75246475,,88,0.5662032,88,0.5662032,88,0.5662032,88,0.5662032,180,8326.1126892
207,88.52005423,,88,0.2704564021,88,0.2704564021,88,0.2704564021,88,0.2704564021,430,116608.553363082
208,88.28589921,,88,0.0817383583,88,0.0817383583,88,0.0817383583,88,0.0817383583,308,48274.2860859583
209,88.0499858,,92,15.6026121802,88,0.0024985802,88,0.0024985802,90,3.8025553802,276,35325.2078377802
210,87.81229982,,88,0.0352313576,88,0.0352313576,88,0.0352313576,86,3.2844306376,252,26957.6008903976
211,87.57282684,,88,0.1824769086,88,0.1824769086,88,0.1824769086,96,71.0172474686,276,35504.7995850686
212,87.33155214,,88,0.4468225415,88,0.4468225415,88,0.4468225415,90,7.1206139815,308,48694.5638809415
213,87.08846077,,84,9.5385899278,86,1.1847468478,88,0.8309037678,86,1.1847468478,254,27859.4619281278
214,86.84353747,,86,0.7115554633,86,0.7115554633,86,0.7115554633,92,26.5891058233,276,35780.1673168633
215,86.59676668,,86,0.3561304704,86,0.3561304704,86,0.3561304704,84,6.7431971904,268,32907.1330589504
216,86.34813258,,86,0.1211962933,86,0.1211962933,86,0.1211962933,86,0.1211962933,426,115363.391041893
217,86.09761901,,86,0.0095294711,86,0.0095294711,86,0.0095294711,86,0.0095294711,212,15851.4095389511
218,85.84520953,,86,0.0239600896,86,0.0239600896,86,0.0239600896,86,0.0239600896,252,27607.4143961296
219,85.59088737,,86,0.167373144,86,0.167373144,86,0.167373144,88,5.803823664,308,49465.813380864
220,85.33463541,,84,1.7812516776,86,0.4427100376,86,0.4427100376,84,1.7812516776,170,7168.2239611576
221,85.07643622,,84,1.1587149357,84,1.1587149357,84,1.1587149357,86,0.8529700557,114,836.5725417357
222,84.81627202,,84,0.6663000106,84,0.6663000106,84,0.6663000106,84,0.6663000106,150,4248.9183933706
223,84.55412468,,84,0.307054161,84,0.307054161,84,0.307054161,84,0.307054161,212,16242.451136081
224,84.28997568,,84,0.084085895,84,0.084085895,84,0.084085895,84,0.084085895,426,116765.740720775
225,84.02380615,,84,0.0005667328,84,0.0005667328,84,0.0005667328,84,0.0005667328,426,116947.717160133
226,83.75559683,,84,0.0597329095,84,0.0597329095,84,0.0597329095,82,3.0821202295,146,3874.3657259895
227,83.48532805,,84,0.2648872161,84,0.2648872161,84,0.2648872161,84,0.2648872161,168,7142.7297748161
228,83.21297976,,84,0.6194008582,84,0.6194008582,84,0.6194008582,84,0.6194008582,426,117502.941245018
229,82.93853146,,82,0.8808413014,82,0.8808413014,82,0.8808413014,82,0.8808413014,254,29262.0260190614
230,82.66196223,,82,0.4381939939,82,0.4381939939,82,0.4381939939,82,0.4381939939,212,16728.3280141939
231,82.38325072,,82,0.1468811144,82,0.1468811144,82,0.1468811144,82,0.1468811144,308,50902.9175556744
232,82.10237512,,82,0.0104806652,82,0.0104806652,82,0.0104806652,82,0.0104806652,268,34557.9269360252
233,81.81931312,,80,3.3099002286,82,0.0326477486,82,0.0326477486,82,0.0326477486,268,34663.2481671086
234,81.53404197,,82,0.2171168857,82,0.2171168857,82,0.2171168857,82,0.2171168857,268,34769.5535040457
235,81.24653839,,80,1.5538579577,80,1.5538579577,80,1.5538579577,82,0.5677043977,426,118854.949292078
236,80.95677859,,80,0.9154252703,80,0.9154252703,80,0.9154252703,80,0.9154252703,292,44539.2413031103
237,80.66473827,,80,0.4418769676,80,0.4418769676,80,0.4418769676,80,0.4418769676,276,38155.8644751276
238,80.37039256,,80,0.1371906485,80,0.1371906485,80,0.1371906485,80,0.1371906485,276,38270.9433071285
239,80.07371604,,80,0.0054340546,80,0.0054340546,80,0.0054340546,80,0.0054340546,124,1929.5184225346
240,79.7746827,,80,0.0507678857,80,0.0507678857,80,0.0507678857,80,0.0507678857,426,119871.970339486
241,79.47326595,,80,0.2774487594,80,0.2774487594,80,0.2774487594,80,0.2774487594,202,15012.8005569594
242,79.16943855,,80,0.6898323222,80,0.6898323222,80,0.6898323222,80,0.6898323222,226,21559.2137757222
243,78.86317265,,78,0.7450670237,78,0.7450670237,78,0.7450670237,80,1.2923764237,180,10228.6578464237
244,78.55443972,,78,0.3074034031,78,0.3074034031,78,0.3074034031,78,0.3074034031,252,30083.3623808431
245,78.24321057,,78,0.0591513814,78,0.0591513814,78,0.0591513814,78,0.0591513814,252,30191.4218730214
246,77.92945528,,78,0.0049765575,78,0.0049765575,78,0.0049765575,78,0.0049765575,202,15393.5000671175
247,77.61314322,,78,0.1496581682,78,0.1496581682,78,0.1496581682,78,0.1496581682,214,18601.3747023282
248,77.29424299,,78,0.4980929572,78,0.4980929572,78,0.4980929572,80,7.3211209972,268,36368.6857567572
249,76.97272244,,76,0.9461889453,76,0.9461889453,76,0.9461889453,80,9.1644094253,426,121820.040480945
250,76.64854858,,76,0.4206152606,76,0.4206152606,76,0.4206152606,78,1.8264209406,92,235.6670607006
251,76.32168761,,76,0.1034829184,76,0.1034829184,76,0.1034829184,76,0.1034829184,202,15795.0382051984
252,75.99210485,,76,6.23333935224363E-005,76,6.23333935224363E-005,76,6.23333935224363E-005,76,6.23333935224363E-005,214,19046.1791237334
253,75.65976474,,76,0.1157600321,76,0.1157600321,76,0.1157600321,80,18.8376421121,420,118570.197618912
254,75.32463077,,76,0.4561235968,76,0.4561235968,76,0.4561235968,76,0.4561235968,202,16046.6491695568
255,74.98666548,,74,0.9735087694,74,0.9735087694,74,0.9735087694,74,0.9735087694,254,32045.7739359694
256,74.64583043,,74,0.4170969443,74,0.4170969443,74,0.4170969443,74,0.4170969443,202,16219.0845068643
257,74.30208611,,74,0.0912560179,74,0.0912560179,74,0.0912560179,72,5.2996004579,268,37518.8818453379
258,73.95539196,,74,0.0019898772,74,0.0019898772,74,0.0019898772,74,0.0019898772,510,190134.900200757
259,73.6057063,,74,0.1554675219,74,0.1554675219,74,0.1554675219,76,5.7326423219,226,23224.0207523219
260,73.25298629,,74,0.5580294829,74,0.5580294829,74,0.5580294829,74,0.5580294829,218,20951.6979779629
261,72.89718787,,72,0.8049460741,72,0.8049460741,72,0.8049460741,74,1.2161945941,426,124681.595934114
262,72.53826576,,72,0.2897300284,72,0.2897300284,72,0.2897300284,72,0.2897300284,218,21159.1161281084
263,72.17617335,,72,0.0310370493,72,0.0310370493,72,0.0310370493,72,0.0310370493,156,7026.4339142493
264,71.81086269,,72,0.035772922,72,0.035772922,72,0.035772922,80,67.061969882,426,125449.944988402
265,71.4422844,,72,0.3110466905,72,0.3110466905,72,0.3110466905,78,43.0036338905,282,44334.5515986905
266,71.07038764,,68,9.4272802599,70,1.1457296999,70,1.1457296999,72,0.8641791399,226,24003.1847860199
267,70.69512006,,70,0.4831918978,70,0.4831918978,70,0.4831918978,72,1.7027116578,124,2841.4102254178
268,70.31642767,,70,0.1001264703,70,0.1001264703,70,0.1001264703,74,13.5687051103,226,24237.3746934303
269,69.93425484,,70,0.0043224261,70,0.0043224261,70,0.0043224261,70,0.0043224261,226,24356.5168123461
270,69.5485442,,70,0.2038123394,70,0.2038123394,70,0.2038123394,74,19.8154587394,218,22037.8347291394
271,69.15923655,,68,1.3438293789,70,0.7068831789,70,0.7068831789,68,1.3438293789,218,22153.5728643789
272,68.7662708,,68,0.5871709389,68,0.5871709389,68,0.5871709389,80,126.1966717389,426,127615.937278139
273,68.36958388,,68,0.1365922444,68,0.1365922444,68,0.1365922444,68,0.1365922444,226,24847.3480861644
274,67.96911063,,68,0.0009541532,68,0.0009541532,68,0.0009541532,68,0.0009541532,226,24973.7619950732
275,67.56478373,,68,0.1894132017,68,0.1894132017,68,0.1894132017,68,0.1894132017,218,22630.7542942017
276,67.15653356,,66,1.3375698754,68,0.7114356354,66,1.3375698754,68,0.7114356354,88,434.4500932354
277,66.74428815,,66,0.5539648502,66,0.5539648502,66,0.5539648502,68,1.5768122502,324,66180.5012794502
278,66.32797298,,66,0.1075662756,66,0.1075662756,66,0.1075662756,66,0.1075662756,218,23004.4037803556
279,65.90751095,,66,0.0085542244,66,0.0085542244,66,0.0085542244,66,0.0085542244,290,50217.4436486244
280,65.48282217,,66,0.2674729078,66,0.2674729078,66,0.2674729078,66,0.2674729078,198,17560.8024200278
281,65.05382387,,64,1.110544749,64,1.110544749,64,1.110544749,66,0.895249269,118,2803.297566789
282,64.62043021,,64,0.3849336455,64,0.3849336455,64,0.3849336455,64,0.3849336455,248,33628.0666163655
283,64.18255215,,64,0.0333252875,64,0.0333252875,64,0.0333252875,64,0.0333252875,118,2896.3176930875
284,63.74009727,,64,0.0675494291,64,0.0675494291,64,0.0675494291,64,0.0675494291,426,131232.237125949
285,63.29296959,,64,0.4998920007,64,0.4998920007,64,0.4998920007,64,0.4998920007,90,713.2654733207
286,62.84106937,,62,0.7073976852,62,0.7073976852,62,0.7073976852,62,0.7073976852,324,68203.9870478052
287,62.38429289,,60,5.6848525853,62,0.1476810253,62,0.1476810253,64,2.6105094653,118,3093.1068773453
288,61.92253225,,62,0.0060012523,62,0.0060012523,62,0.0060012523,62,0.0060012523,324,68684.5991022523
289,61.45567508,,62,0.2962896185,62,0.2962896185,62,0.2962896185,62,0.2962896185,248,34798.7851598585
290,60.98360435,,60,0.9674775173,60,0.9674775173,60,0.9674775173,70,81.2953905173,428,134701.034675917
291,60.50619803,,60,0.2562364456,60,0.2562364456,60,0.2562364456,70,90.1322758456,226,27388.1984904856
292,60.0233288,,56,16.1871746329,60,0.0005442329,60,0.0005442329,66,35.7205986329,426,133938.923862633
293,59.53486374,,60,0.2163517404,60,0.2163517404,60,0.2163517404,66,41.7979868604,426,134296.69609406
294,59.04066395,,58,1.0829814568,58,1.0829814568,58,1.0829814568,60,0.9203256568,172,12759.8116008568
295,58.54058421,,58,0.2922312881,58,0.2922312881,58,0.2922312881,60,2.1298944481,282,49934.1105052081
296,58.03447251,,58,0.0011883539,58,0.0011883539,58,0.0011883539,64,35.5875182339,226,28212.4184249939
297,57.52216964,,58,0.2283218529,58,0.2283218529,58,0.2283218529,92,1188.7207863329,226,28384.7793228129
298,57.00350866,,56,1.0070296307,56,1.0070296307,56,1.0070296307,82,624.8245793107,320,69167.1544571507
299,56.47831442,,56,0.2287846844,56,0.2287846844,56,0.2287846844,56,0.2287846844,218,26089.2549126044
300,55.94640292,,56,0.002872647,56,0.002872647,56,0.002872647,90,1159.647474087,226,28918.225879847
301,55.40758071,,56,0.3509606152,56,0.3509606152,56,0.3509606152,90,1196.6354723352,510,206654.267675935
302,54.86164416,,54,0.7424306585,54,0.7424306585,54,0.7424306585,90,1234.7040511385,426,137743.679175618
303,54.30837873,,54,0.0950974411,54,0.0950974411,54,0.0950974411,92,1420.6583139611,218,26794.9468740011
304,53.74755808,,54,0.063726923,54,0.063726923,54,0.063726923,92,1463.249312843,218,26978.864676683
305,53.1789432,,52,1.3899070688,54,0.6741342688,54,0.6741342688,84,949.9375422688,422,136028.971939069
306,52.60228132,,52,0.3627427884,52,0.3627427884,52,0.3627427884,56,11.5444922284,268,46396.1772125484
307,52.01730481,,52,0.0002994564,52,0.0002994564,52,0.0002994564,62,99.6542032564,282,52892.0400868565
308,51.42372993,,52,0.3320871936,52,0.3320871936,52,0.3320871936,82,934.9082913936,272,48653.8909179936
309,50.8212554,,50,0.674460432,50,0.674460432,50,0.674460432,82,972.114114832,272,48920.037062832
310,50.20956084,,50,0.0439157457,50,0.0439157457,50,0.0439157457,82,1010.6320219857,226,30902.2785000657
311,49.58830507,,50,0.1694927154,50,0.1694927154,50,0.1694927154,58,70.7566115954,172,14984.6230556354
312,48.9571241,,48,0.9160865428,48,0.9160865428,48,0.9160865428,72,530.9741297428,226,31344.1799069428
313,48.31562894,,48,0.0996216278,48,0.0996216278,48,0.0996216278,50,2.8371058678,426,142645.484142988
314,47.66340315,,48,0.1132974394,48,0.1132974394,48,0.1132974394,46,2.7669100394,246,39337.4056500394
315,47,,48,1,46,1,46,1,48,1,226,32041
316,46.32493929,,46,0.1055855422,46,0.1055855422,46,0.1055855422,50,13.5060712222,426,144153.151725142
317,45.63770371,,46,0.1312586017,46,0.1312586017,46,0.1312586017,50,19.0296289217,426,144675.476439002
318,44.9377347,,46,1.1284075676,44,0.8793463676,44,0.8793463676,58,170.6227747676,426,145208.450035568
319,44.22442764,,44,0.0503677656,44,0.0503677656,44,0.0503677656,54,95.5618149656,426,145752.587650806
320,43.49712634,,44,0.2528819179,44,0.2528819179,44,0.2528819179,56,156.3218497579,226,33307.2988941579
321,42.75511665,,42,0.5702011551,42,0.5702011551,42,0.5702011551,48,27.5088013551,426,146876.640613955
322,41.99761898,,42,5.66925624040666E-006,42,5.66925624040666E-006,42,5.66925624040666E-006,56,196.0666742293,426,147457.828629029
323,41.22377955,,42,0.602518187,42,0.602518187,42,0.602518187,42,0.602518187,426,148052.739823787
324,40.43266007,,40,0.1871947362,40,0.1871947362,40,0.1871947362,74,1126.7663099762,426,148662.173620696
325,39.62322551,,40,0.1419590163,40,0.1419590163,40,0.1419590163,44,19.1561549363,246,42591.3730488963
326,38.79432948,,38,0.6309593228,38,0.6309593228,38,0.6309593228,38,0.6309593228,246,42934.1898956428
327,37.9446966,,38,0.0030584661,38,0.0030584661,38,0.0030584661,36,3.7818448661,630,350529.482284066
328,37.07290115,,36,1.1511168777,38,0.8595122777,38,0.8595122777,60,525.6518616777,630,351562.544550678
329,36.17734097,,36,0.0314498196,36,0.0314498196,36,0.0314498196,40,14.6127220596,594,311166.1189273
330,35.25620513,,34,1.5780513286,36,0.5532308086,36,0.5532308086,46,115.4291282086,630,353720.181536369
331,34.3074336,,34,0.0945154184,34,0.0945154184,34,0.0945154184,58,561.3377026184,426,153423.066573018
332,33.32866634,,34,0.450688883,34,0.450688883,34,0.450688883,46,160.562696723,246,45229.0961607231
333,32.31717809,,30,5.3693143008,32,0.1006019408,32,0.1006019408,46,187.2196154208,630,357224.755606301
334,31.26979373,,32,0.5332011967,32,0.5332011967,32,0.5332011967,48,279.8998018367,172,19804.9909567968
335,30.18277655,,30,0.0334072672,30,0.0334072672,30,0.0334072672,46,250.1845576672,246,46577.0739376672
336,29.05167809,,28,1.106026805,28,1.106026805,28,1.106026805,46,287.245615565,426,157567.970267165
337,27.87113202,,28,0.0166069563,28,0.0166069563,28,0.0166069563,46,328.6558542363,602,329623.957047996
338,26.63456401,,26,0.4026714828,28,1.8644154428,28,1.8644154428,46,375.0201110828,630,364049.849347403
339,25.33377193,,24,1.7789475613,26,0.4438598413,24,1.7789475613,46,427.0929826413,630,365621.247368401
340,23.9582971,,24,0.0017391319,24,0.0017391319,24,0.0017391319,46,485.8366667319,594,324947.543045132
341,22.49444376,,24,2.2666995918,24,2.2666995918,24,2.2666995918,46,552.5111741518,172,22351.9113466318
342,20.92367081,,20,0.8531677652,20,0.8531677652,20,0.8531677652,46,628.8222856452,172,22824.0572415252
343,19.21978148,,18,1.487866859,18,1.487866859,18,1.487866859,46,717.180103979,172,23341.795171019
344,17.34358671,,18,0.4308784073,18,0.4308784073,18,0.4308784073,46,821.1900226473,630,375347.880745367
345,15.23154621,,18,7.6643363874,18,7.6643363874,18,7.6643363874,46,946.6977486274,630,377940.251775347
346,12.76714533,,18,27.3827679973,18,27.3827679973,18,27.3827679973,46,1104.4226295173,246,54397.5644975173
347,9.68504001,,18,69.1385596353,18,69.1385596353,18,69.1385596353,46,1318.7763190753,630,384790.649587395
348,4.939635614,,18,170.5731178951,18,170.5731178951,18,170.5731178951,46,1685.9535235111,630,390700.459126359
,,,-1,,,,,,,,,
